"ID";"指定子";"フットプリント";"数量";"名称";"供給業者、参考資料";
1;"J101";"JST_XH_B4B-XH-AM_1x04_P2.50mm_Vertical";1;"UART";;;
2;"R101,R105";"R_Axial_DIN0207_L6.3mm_D2.5mm_P7.62mm_Horizontal";2;"10k";;;
3;"C102,C103";"C_Disc_D3.0mm_W2.0mm_P2.50mm";2;"22pF";;;
4;"SW101";"TVDT18-050";1;"!MCLR";;;
5;"R104";"R_Axial_DIN0207_L6.3mm_D2.5mm_P7.62mm_Horizontal";1;"100k";;;
6;"IC101";"DIP-18_W7.62mm_Socket_LongPads";1;"PIC16F1827-I/P";;;
7;"C101,C104,C105";"C_Disc_D3.0mm_W2.0mm_P2.50mm";3;"0.1uF";;;
8;"Q101";"Crystal_HC49-4H_Vertical";1;"10MHz";;;
9;"R103";"R_Axial_DIN0207_L6.3mm_D2.5mm_P7.62mm_Horizontal";1;"100";;;
10;"J102";"PinHeader_1x05_P2.54mm_Vertical";1;"PROG";;;
11;"R102";"R_Axial_DIN0207_L6.3mm_D2.5mm_P7.62mm_Horizontal";1;"1k";;;
12;"J103";"JST_XH_B3B-XH-A_1x03_P2.50mm_Vertical";1;"TRIP";;;
